,datetime,queue,running,defined,assigned,activated,starting,transferring,holding,throttled,queue_occupancy_rate,site,cloud,tier_level,rse
0,2021-09-19,AGLT2,10029.0,38.0,129.0,117.0,38.0,1346.0,,2292.0,31.145963,GreatLakesT2,US,2,AGLT2_DATADISK
1,2021-09-19,UKI-SCOTGRID-GLASGOW_CEPH,9790.0,13.0,31.0,676.0,5.0,1183.0,,42.0,13.503448,UKI-SCOTGRID-GLASGOW-CEPH,UK,2,UKI-SCOTGRID-GLASGOW-CEPH_DATADISK
2,2021-09-19,INFN-MILANO-ATLASC,1462.0,38.0,14.0,191.0,5.0,305.0,,46.0,5.895161,INFN-MILANO-ATLASC,IT,2,INFN-MILANO-ATLASC_DATADISK
3,2021-09-19,SWT2_CPB,5860.0,59.0,220.0,1034.0,1.0,1401.0,,763.0,4.459665,SWT2_CPB,US,2,SWT2_CPB_DATADISK
4,2021-09-19,UKI-NORTHGRID-MAN-HEP,8571.0,1.0,72.0,1948.0,4.0,3699.0,,,4.232593,UKI-NORTHGRID-MAN-HEP,UK,2,UKI-NORTHGRID-MAN-HEP_DATADISK
5,2021-09-19,CA-VICTORIA-K8S-T2,3106.0,76.0,70.0,1064.0,6.0,763.0,,100.0,2.554276,CA-VICTORIA-T2,CA,2,CA-VICTORIA-WESTGRID-T2_DATADISK
6,2021-09-19,MWT2,23515.0,2.0,531.0,9826.0,15.0,4868.0,1.0,1525.0,2.266725,MidwestT2,US,2,MWT2_DATADISK
7,2021-09-19,IN2P3-LPSC,1067.0,6.0,59.0,475.0,1.0,357.0,,263.0,1.972274,IN2P3-LPSC,FR,2,IN2P3-LPSC_DATADISK
8,2021-09-19,UNI-FREIBURG,2625.0,1.0,28.0,1357.0,1.0,301.0,,,1.892574,UNI-FREIBURG,DE,2,UNI-FREIBURG_DATADISK
9,2021-09-19,GRIF-IRFU,1380.0,2.0,154.0,597.0,4.0,359.0,,253.0,1.822985,GRIF-IRFU,FR,2,GRIF-IRFU_DATADISK
10,2021-09-19,ROMANIA07_HTCondor,1963.0,9.0,150.0,930.0,3.0,970.0,,182.0,1.797619,RO-07-NIPNE,FR,2,RO-07-NIPNE_DATADISK
11,2021-09-19,ANALY_CERN_T0_ART,195.0,1.0,1.0,106.0,1.0,,,52.0,1.788991,CERN-T0,CERN,0,CERN-PROD_DATADISK
12,2021-09-19,IN2P3-CC,4878.0,1.0,145.0,3207.0,31.0,1388.0,,982.0,1.441489,IN2P3-CC,FR,1,IN2P3-CC_DATADISK
13,2021-09-19,CERN,7207.0,73.0,305.0,4742.0,32.0,2143.0,1.0,1385.0,1.398874,CERN-PROD,CERN,0,CERN-PROD_DATADISK
14,2021-09-19,CYFRONET,747.0,138.0,18.0,414.0,2.0,262.0,,704.0,1.305944,CYFRONET-LCG2,DE,2,CYFRONET-LCG2_DATADISK
15,2021-09-19,CERN-T0,11815.0,11.0,207.0,9735.0,10.0,3051.0,1.0,946.0,1.185888,CERN-T0,CERN,0,CERN-PROD_DATADISK
16,2021-09-19,TRIUMF,3765.0,160.0,229.0,2161.0,716.0,2588.0,1.0,164.0,1.152786,TRIUMF,CA,1,TRIUMF-LCG2_DATADISK
17,2021-09-19,GRIF-LAL,2111.0,2.0,106.0,1776.0,10.0,324.0,,275.0,1.114572,GRIF-LAL,FR,2,GRIF-LAL_DATADISK
18,2021-09-19,TOKYO,3952.0,105.0,319.0,2386.0,756.0,598.0,2.0,529.0,1.108245,TOKYO_SL7,FR,2,TOKYO-LCG2_DATADISK
19,2021-09-19,INFN-NAPOLI-ATLAS,2796.0,1.0,57.0,2510.0,6.0,436.0,,,1.086247,INFN-NAPOLI-ATLAS,IT,2,INFN-NAPOLI-ATLAS_DATADISK
20,2021-09-19,FZK-LCG2,4852.0,676.0,297.0,3533.0,23.0,382.0,,1241.0,1.071318,FZK-LCG2,DE,1,FZK-LCG2_DATADISK
21,2021-09-19,UKI-LT2-QMUL,1746.0,15.0,193.0,1447.0,8.0,590.0,,294.0,1.04991,UKI-LT2-QMUL_SL7,UK,2,UKI-LT2-QMUL_DATADISK
22,2021-09-19,UKI-SCOTGRID-ECDF,1023.0,6.0,15.0,1058.0,1.0,768.0,,87.0,0.947222,UKI-SCOTGRID-ECDF_SL7,UK,2,UKI-SCOTGRID-ECDF_DATADISK
23,2021-09-19,LRZ-LMU,2116.0,4.0,39.0,1874.0,431.0,830.0,,,0.901193,LRZ-LMU,DE,2,LRZ-LMU_DATADISK
24,2021-09-19,NSC,1013.0,84.0,8.0,847.0,200.0,27.0,,1.0,0.889377,NSC,ND,1,NDGF-T1_DATADISK
25,2021-09-19,UKI-LT2-RHUL,3524.0,12.0,122.0,4104.0,1.0,436.0,,85.0,0.831328,UKI-LT2-RHUL,UK,2,UKI-LT2-RHUL_DATADISK
26,2021-09-19,IN2P3-CPPM,1524.0,2.0,192.0,710.0,987.0,205.0,,12.0,0.805923,IN2P3-CPPM,FR,2,IN2P3-CPPM_DATADISK
27,2021-09-19,UKI-NORTHGRID-LANCS-HEP,1542.0,8.0,64.0,1730.0,163.0,417.0,,,0.784733,UKI-NORTHGRID-LANCS-HEP,UK,2,UKI-NORTHGRID-LANCS-HEP_DATADISK
28,2021-09-19,RAL,5112.0,3.0,1614.0,3550.0,1606.0,3417.0,2.0,16.0,0.754762,RAL-LCG2,UK,1,RAL-LCG2-ECHO_DATADISK
29,2021-09-19,CSCS-LCG2,1999.0,146.0,6.0,1719.0,800.0,960.0,,,0.748409,CSCS-LCG2-HPC,DE,2,CSCS-LCG2_DATADISK
30,2021-09-19,JINR,565.0,25.0,171.0,578.0,8.0,365.0,,243.0,0.722506,JINR-LCG2,RU,2,JINR-LCG2_DATADISK
31,2021-09-19,UNIBE-LHEP,1384.0,186.0,17.0,1002.0,800.0,447.0,2.0,1.0,0.690274,UNIBE-LHEP,ND,2,UNIBE-LHEP_DATADISK
32,2021-09-19,GoeGrid,391.0,2.0,49.0,525.0,4.0,343.0,,,0.674138,GoeGrid,DE,2,GOEGRID_DATADISK
33,2021-09-19,FMPhI-UNIBA,151.0,23.0,22.0,164.0,16.0,399.0,,,0.671111,FMPhI-UNIBA,DE,2,FMPHI-UNIBA_DATADISK
34,2021-09-19,IN2P3-LPC,1560.0,118.0,243.0,2005.0,6.0,363.0,,359.0,0.657673,IN2P3-LPC,FR,2,IN2P3-LPC_DATADISK
35,2021-09-19,ifae,547.0,84.0,214.0,533.0,3.0,124.0,,,0.655875,IFAE,ES,2,IFAE_DATADISK
36,2021-09-19,UIO_CLOUD,1489.0,5.0,23.0,2051.0,200.0,23.0,,,0.653357,UIO_CLOUD,ND,1,NDGF-T1_DATADISK
37,2021-09-19,ARNES,1828.0,361.0,40.0,2235.0,200.0,437.0,1.0,74.0,0.64457,ARNES,ND,3,NDGF-T1_DATADISK
38,2021-09-19,NET2,3070.0,83.0,2.0,4845.0,119.0,555.0,3.0,199.0,0.608041,BostonU,US,2,NESE_DATADISK
38,2021-09-19,NET2,3070.0,83.0,2.0,4845.0,119.0,555.0,3.0,199.0,0.608041,BostonU,US,2,NET2_DATADISK
39,2021-09-19,SLAC,369.0,26.0,122.0,465.0,1.0,124.0,,159.0,0.600977,SLAC,US,3,SLACXRD_DATADISK
40,2021-09-19,INFN-CNAF,3050.0,6.0,259.0,4866.0,18.0,515.0,,367.0,0.592348,INFN-T1,IT,1,INFN-T1_DATADISK
41,2021-09-19,CA-SFU-T2,981.0,6.0,14.0,933.0,746.0,382.0,,47.0,0.577398,CA-SFU-T2,CA,2,CA-SFU-T2_DATADISK
42,2021-09-19,CA-WATERLOO-T2,593.0,27.0,52.0,518.0,761.0,612.0,1.0,11.0,0.436672,CA-WATERLOO-T2,CA,2,CA-WATERLOO-T2_DATADISK
43,2021-09-19,IHEP,303.0,20.0,78.0,721.0,85.0,128.0,1.0,67.0,0.335177,RU-Protvino-IHEP,RU,2,RU-PROTVINO-IHEP_DATADISK
44,2021-09-19,SARA-MATRIX,1317.0,4.0,70.0,6321.0,12.0,317.0,1.0,,0.205556,SARA-MATRIX,NL,1,SARA-MATRIX_DATADISK
45,2021-09-19,TW-FTT,559.0,643.0,106.0,2086.0,1.0,78.0,,151.0,0.197109,TW-FTT,TW,2,TAIWAN-LCG2_DATADISK
46,2021-09-19,UNIBE-LHEP-UBELIX,190.0,43.0,2.0,1439.0,824.0,121.0,,,0.082322,UNIBE-LHEP-UBELIX,ND,2,UNIBE-LHEP_DATADISK
47,2021-09-19,AGLT2_VHIMEM,261.0,,12.0,1897.0,6.0,39.0,,,0.0,GreatLakesT2,US,2,AGLT2_DATADISK
48,2021-09-19,ANALY_AGLT2_VP,252.0,36.0,,3.0,5.0,,,642.0,0.0,GreatLakesT2,US,2,
49,2021-09-19,ANALY_ARNES_DIRECT,197.0,91.0,8.0,,54.0,,1.0,,0.0,ARNES,ND,3,
50,2021-09-19,ANALY_BNL_GPU_ARC,1.0,,,4.0,,,,,0.0,BNL-ATLAS-T3,US,3,BNL-OSG2_DATADISK
51,2021-09-19,ANALY_BNL_VP,50.0,378.0,,38.0,11.0,,,,0.0,BNL,US,1,
52,2021-09-19,ANALY_CERN-P1_COVID,,,,2.0,2.0,,,,0.0,CERN-P1,CERN,3,CERN-PROD_DATADISK
53,2021-09-19,ANALY_FZU_VP_2,1019.0,1.0,,112.0,197.0,,,319.0,0.0,praguelcg2_vp,DE,2,
54,2021-09-19,ANALY_LRZ_VP,10.0,7.0,,,8.0,,,,0.0,LRZ-LMU,DE,2,
55,2021-09-19,ANALY_MWT2_GPU,,,13.0,,,,,,0.0,MidwestT2,US,2,MWT2_DATADISK
56,2021-09-19,ANALY_MWT2_VP,1063.0,32.0,,137.0,5.0,,,372.0,0.0,MidwestT2,US,2,MWT2_DATADISK
57,2021-09-19,ANALY_NET2_VP,13.0,,,10.0,,,,,0.0,BostonU,US,2,
58,2021-09-19,ANALY_SLAC_GPU,,,,1.0,7.0,,,,0.0,SLAC,US,3,SLACXRD_DATADISK
59,2021-09-19,ANALY_SWT2_CPB_VP,21.0,7.0,,27.0,,,,,0.0,SWT2_CPB,US,2,SWT2_CPB_DATADISK
60,2021-09-19,ANALY_SiGNET_DIRECT,333.0,149.0,,1.0,126.0,,,,0.0,SiGNET,ND,2,
61,2021-09-19,AZ-IFAN,129.0,,,203.0,,37.0,,,0.0,AZ-IFAN,NL,3,FZK-LCG2_DATADISK
62,2021-09-19,Australia-ATLAS,616.0,14.0,,741.0,182.0,106.0,,55.0,0.0,Australia-ATLAS,CA,2,AUSTRALIA-ATLAS_DATADISK
63,2021-09-19,BEIJING,5.0,,,44.0,,16.0,,,0.0,BEIJING-LCG2,FR,2,BEIJING-LCG2_DATADISK
64,2021-09-19,BEIJING_MCORE,35.0,,,393.0,,8.0,,,0.0,BEIJING-LCG2,FR,2,BEIJING-LCG2_DATADISK
65,2021-09-19,BNL,7941.0,,76.0,5025.0,,2762.0,1.0,1478.0,0.0,BNL,US,1,BNL-OSG2_DATADISK
66,2021-09-19,BNL_PROD_INTEL,3.0,,,11.0,,,,,0.0,BNL,US,1,BNL-OSG2_DATADISK
67,2021-09-19,BNL_VHIMEM,2.0,,,3.0,,,,,0.0,BNL,US,1,BNL-OSG2_DATADISK
68,2021-09-19,BOINC_MCORE,45364.0,,,32769.0,4580.0,124.0,11.0,,0.0,BOINC,CERN,3,NDGF-T1_DATADISK
69,2021-09-19,CA-IAAS-T3,367.0,,392.0,413.0,7.0,372.0,,,0.0,CA-IAAS-T3,CA,3,CA-VICTORIA-WESTGRID-T2_DATADISK
70,2021-09-19,CA-TRIUMF-DISKLESS,48.0,,1.0,36.0,200.0,14.0,,,0.0,CA-TRIUMF-DISKLESS,CA,3,TRIUMF-LCG2_DATADISK
71,2021-09-19,CA-TRIUMF-DYNAFED,3.0,,,,,,,,0.0,CA-TRIUMF-DYNAFED,CA,3,CA-UVIC-CLOUD_DATADISK
72,2021-09-19,CERN-AZURE,209.0,,,334.0,,,,14.0,0.0,CERN-PROD,CERN,0,CERN-PROD_DATADISK
73,2021-09-19,CERN-BACKFILL,1.0,,,7.0,,,,,0.0,CERN-PROD,CERN,0,CERN-PROD_DATADISK
74,2021-09-19,CERN-EXTENSION,10.0,,,34.0,,4.0,,,0.0,CERN-EXTENSION,CERN,3,CERN-PROD_DATADISK
75,2021-09-19,CERN-EXTENSION_KUBERNETES,51.0,,6.0,144.0,,81.0,,,0.0,CERN-EXTENSION,CERN,3,CERN-PROD_DATADISK
76,2021-09-19,CERN-HPC,6.0,,,246.0,,104.0,,,0.0,CERN-PROD,CERN,0,CERN-PROD_DATADISK
77,2021-09-19,CERN-HPC_ES,129.0,,,1443.0,,56.0,,,0.0,CERN-PROD,CERN,0,CERN-PROD_DATADISK
78,2021-09-19,CERN-IPV6,2.0,,,6.0,,,,,0.0,CERN-PROD,CERN,0,CERN-PROD_DATADISK
79,2021-09-19,CERN-P1,6621.0,,6.0,7738.0,1305.0,13974.0,3.0,,0.0,CERN-P1,CERN,3,CERN-PROD_DATADISK
80,2021-09-19,CERN-P1_UCORE,82.0,,,1008.0,509.0,6.0,,,0.0,CERN-P1,CERN,3,CERN-PROD_DATADISK
81,2021-09-19,CERN-PROD_EOS,237.0,,1.0,840.0,,223.0,,,0.0,CERN-PROD,CERN,0,CERN-PROD_DATADISK
82,2021-09-19,CERN-T0_VHIMEM,9.0,,,12.0,,1.0,,,0.0,CERN-T0,CERN,0,CERN-PROD_DATADISK
83,2021-09-19,CYFRONET_DIRECT,1.0,,,6.0,,,,,0.0,CYFRONET-LCG2,DE,2,CYFRONET-LCG2_DATADISK
84,2021-09-19,DCSC,240.0,,53.0,2374.0,200.0,3.0,,,0.0,DCSC,ND,1,NDGF-T1_DATADISK
85,2021-09-19,DE-TARDIS,1047.0,,,2008.0,1.0,513.0,,,0.0,DE-TARDIS,DE,1,FZK-LCG2_DATADISK
86,2021-09-19,DESY-HH,12742.0,,40.0,1190.0,8.0,2325.0,,102.0,0.0,DESY-HH,DE,2,DESY-HH_DATADISK
87,2021-09-19,DESY-HH_HPC,,,,,106.0,7.0,,,0.0,DESY-HH,DE,2,DESY-HH_DATADISK
88,2021-09-19,DESY-ZN,4000.0,,16.0,3757.0,,2589.0,,216.0,0.0,DESY-ZN,DE,2,DESY-ZN_DATADISK
89,2021-09-19,EELA-UTFSM,449.0,,52.0,228.0,,187.0,,570.0,0.0,EELA-UTFSM,ES,2,EELA-UTFSM_DATADISK
90,2021-09-19,FRESNO-EKS-S3,,,,1.0,,,,,0.0,FRESNO-AWS,US,3,
91,2021-09-19,GRIF-LPNHE,1242.0,,140.0,469.0,14.0,398.0,,104.0,0.0,GRIF-LPNHE,FR,2,GRIF-LPNHE_DATADISK
92,2021-09-19,HEPHY-UIBK,213.0,,,533.0,,210.0,,,0.0,HEPHY-UIBK,DE,2,LRZ-LMU_DATADISK
93,2021-09-19,HONGKONG,867.0,,,854.0,4.0,187.0,,,0.0,HK-LCG2,FR,2,BEIJING-LCG2_DATADISK
94,2021-09-19,HPC2N,98.0,,38.0,,785.0,21.0,,,0.0,HPC2N,ND,1,NDGF-T1_DATADISK
95,2021-09-19,IEPSAS-Kosice,371.0,1.0,4.0,267.0,,34.0,,106.0,0.0,IEPSAS-Kosice-CC7,DE,2,IEPSAS-KOSICE_DATADISK
96,2021-09-19,IFIC,2512.0,,58.0,2650.0,6.0,349.0,,376.0,0.0,IFIC-LCG2,ES,2,IFIC-LCG2_DATADISK
97,2021-09-19,IFIC_MareNostrum4,9.0,,,,200.0,29.0,,,0.0,IFIC-LCG2,ES,2,IFIC-LCG2_DATADISK
98,2021-09-19,IL-TAU,580.0,,308.0,742.0,,91.0,,125.0,0.0,IL-TAU-HEP,NL,2,TECHNION-HEP_DATADISK
99,2021-09-19,IN2P3-CPPM_LAKE,24.0,,,176.0,192.0,25.0,,,0.0,IN2P3-CPPM_LAKE,FR,2,IN2P3-CPPM_DATADISK
100,2021-09-19,IN2P3-LAPP,3399.0,,97.0,973.0,10.0,533.0,,595.0,0.0,IN2P3-LAPP,FR,2,IN2P3-LAPP_DATADISK
101,2021-09-19,IN2P3-LAPP_LAKE,5.0,77.0,,185.0,,,,,0.0,in2p3-lapp_lake,FR,2,IN2P3-LAPP_DATADISK
102,2021-09-19,IN2P3-LPC-MUC2A,312.0,151.0,,165.0,,33.0,,52.0,0.0,IN2P3-LPC-ALPAMED,FR,3,IN2P3-LPC_DATADISK
103,2021-09-19,IN2P3-LPC_LAKE,3.0,25.0,,214.0,,1.0,,,0.0,IN2P3-LPC_LAKE,FR,2,IN2P3-LPC_DATADISK
104,2021-09-19,IN2P3-LPSC_LAKE,11.0,157.0,,202.0,,13.0,,,0.0,IN2P3-LPSC_LAKE,FR,2,IN2P3-LPSC_DATADISK
105,2021-09-19,INFN-COSENZA-RECAS,1420.0,,,117.0,,172.0,,,0.0,INFN-COSENZA-RECAS,IT,3,INFN-COSENZA_DATADISK
106,2021-09-19,INFN-FRASCATI,3326.0,,91.0,2980.0,10.0,675.0,,893.0,0.0,INFN-FRASCATI,IT,2,INFN-FRASCATI_DATADISK
107,2021-09-19,INFN-GENOVA,44.0,,,153.0,1.0,23.0,,,0.0,INFN-GENOVA,IT,3,INFN-GENOVA_DATADISK
108,2021-09-19,INFN-ROMA1,1457.0,,110.0,1226.0,3.0,477.0,,424.0,0.0,INFN-ROMA1,IT,2,INFN-ROMA1_DATADISK
109,2021-09-19,INFN-ROMA3,200.0,,,91.0,,42.0,,,0.0,INFN-ROMA3,IT,3,CERN-PROD_DATADISK
109,2021-09-19,INFN-ROMA3,200.0,,,91.0,,42.0,,,0.0,INFN-ROMA3,IT,3,INFN-ROMA3_DATADISK
110,2021-09-19,ITEP_PROD,,,,3.0,,,,,0.0,ITEP,RU,2,RRC-KI-T1_DATADISK
111,2021-09-19,LRZ-LMU_C2PAP_ES,,,,6.0,,,,,0.0,LRZ-LMU_C2PAP,DE,2,LRZ-LMU_DATADISK
112,2021-09-19,LRZ-LMU_C2PAP_ES_MCORE,,,,81.0,,,,,0.0,LRZ-LMU_C2PAP,DE,2,LRZ-LMU_DATADISK
113,2021-09-19,LRZ-LMU_CLOUD,9.0,,,223.0,,21.0,,,0.0,LRZ-LMU_CLOUD,DE,2,LRZ-LMU_DATADISK
114,2021-09-19,LRZ-LMU_VHIMEM,7.0,,,,3.0,,,,0.0,LRZ-LMU,DE,2,LRZ-LMU_DATADISK
115,2021-09-19,LUNARC,5.0,,,,3.0,,,,0.0,SE-SNIC-T2,ND,2,NDGF-T1_DATADISK
116,2021-09-19,MPPMU,1972.0,,323.0,2330.0,1.0,1731.0,1.0,,0.0,MPPMU,DE,2,MPPMU_DATADISK
117,2021-09-19,MWT2_VHIMEM_UCORE,4.0,,,6.0,,,,,0.0,MidwestT2,US,2,MWT2_DATADISK
118,2021-09-19,NCG-INGRID-PT,264.0,,58.0,535.0,3.0,147.0,,,0.0,NCG-INGRID-PT,ES,2,NCG-INGRID-PT_DATADISK
119,2021-09-19,NERSC_Cori_p2_ES_Test,,,,,,2.0,,,0.0,LBNL_CLOUD,US,3,SLACXRD_DATADISK
119,2021-09-19,NERSC_Cori_p2_ES_Test,,,,,,2.0,,,0.0,LBNL_CLOUD,US,3,BNLHPC_DATADISK
120,2021-09-19,NERSC_Cori_p2_mcore,200.0,,,,2032.0,,,,0.0,LBNL_CLOUD,US,3,BNLHPC_DATADISK
121,2021-09-19,NIKHEF,2106.0,,7.0,374.0,,4883.0,,90.0,0.0,NIKHEF,NL,1,NIKHEF_DATADISK
122,2021-09-19,OU_OSCER_ATLAS,335.0,,43.0,1016.0,136.0,145.0,,,0.0,OU_OSCER_ATLAS,US,2,OU_OSCER_ATLAS_DATADISK
123,2021-09-19,OU_OSCER_ATLAS_OPP,168.0,,230.0,647.0,,2.0,,,0.0,OU_OSCER_ATLAS,US,2,OU_OSCER_ATLAS_DATADISK
124,2021-09-19,PNPI_PROD,,,,3.0,,,,,0.0,ru-PNPI,RU,2,RRC-KI-T1_DATADISK
125,2021-09-19,RAL-LCG2_MCORE,638.0,,2078.0,1.0,207.0,1149.0,,,0.0,RAL-LCG2,UK,1,RAL-LCG2-ECHO_DATADISK
126,2021-09-19,RIVR.UM,327.0,,43.0,365.0,200.0,127.0,,,0.0,RIVR.UM,ND,3,NDGF-T1_DATADISK
127,2021-09-19,RO-14-ITIM,53.0,,99.0,107.0,,26.0,,,0.0,ITIM,FR,2,RO-07-NIPNE_DATADISK
128,2021-09-19,RO-16-UAIC,404.0,,,310.0,,129.0,,,0.0,RO-16-UAIC,FR,2,RO-07-NIPNE_DATADISK
129,2021-09-19,RRC-KI-T1,1499.0,,34.0,1652.0,4.0,402.0,,7.0,0.0,RRC-KI-T1,RU,1,RRC-KI-T1_DATADISK
130,2021-09-19,SAMPA,588.0,5.0,272.0,809.0,,331.0,,77.0,0.0,SAMPA,ES,2,PIC_DATADISK
130,2021-09-19,SAMPA,588.0,5.0,272.0,809.0,,331.0,,77.0,0.0,SAMPA,ES,2,SAMPA_DATADISK
131,2021-09-19,SiGNET,5305.0,,,,1.0,625.0,1.0,,0.0,SiGNET,ND,2,NDGF-T1_DATADISK
132,2021-09-19,SiGNET-NSC,,,,,800.0,48.0,,,0.0,SiGNET,ND,2,NDGF-T1_DATADISK
133,2021-09-19,TACC-FRONTERA-UCORE,,,,,4147.0,,,,0.0,TACC-FRONTERA,US,3,BNLHPC_DATADISK
134,2021-09-19,TECHNION,1073.0,,661.0,1553.0,2.0,227.0,,110.0,0.0,TECHNION-HEP,NL,2,TECHNION-HEP_DATADISK
135,2021-09-19,TOKYO_HPC,8.0,,,,49.0,44.0,,,0.0,TOKYO_HPC_SL7,FR,2,TOKYO-LCG2_DATADISK
136,2021-09-19,TR-10-ULAKBIM_UCORE,173.0,,7.0,81.0,196.0,68.0,,,0.0,TR-10-ULAKBIM,NL,2,TR-10-ULAKBIM_DATADISK
137,2021-09-19,TRIUMF_SIM,3534.0,,,219.0,313.0,685.0,2.0,,0.0,TRIUMF-SIM,CA,1,TRIUMF-LCG2_DATADISK
138,2021-09-19,Taiwan-LCG2,1645.0,,50.0,608.0,4.0,664.0,,,0.0,Taiwan-LCG2,TW,1,TAIWAN-LCG2_DATADISK
139,2021-09-19,Taiwan-LCG2-HPC2_Unified,276.0,,54.0,60.0,1.0,140.0,,,0.0,Taiwan-LCG2-HPC,TW,1,TAIWAN-LCG2_DATADISK
140,2021-09-19,Taiwan-LCG2-HPC_Unified,373.0,,36.0,290.0,,171.0,,,0.0,Taiwan-LCG2-HPC,TW,1,TAIWAN-LCG2_DATADISK
141,2021-09-19,Taiwan-LCG2_K8S_UCORE,12.0,,,2.0,,3.0,,,0.0,Taiwan-LCG2,TW,1,TAIWAN-LCG2_DATADISK
142,2021-09-19,UAM,51.0,,4.0,1051.0,17.0,31.0,,,0.0,UAM-LCG2,ES,2,UAM-LCG2_DATADISK
143,2021-09-19,UAM_MareNostrum4,75.0,,,,165.0,,,,0.0,UAM-LCG2,ES,2,UAM-LCG2_DATADISK
144,2021-09-19,UIO_CLOUD_LOPRI,,,,,43.0,,,,0.0,UIO_CLOUD,ND,1,NDGF-T1_DATADISK
145,2021-09-19,UKI-LT2-Brunel_SL7_UCORE,215.0,,,4.0,,183.0,,,0.0,UKI-LT2-Brunel_SL7,UK,3,UKI-LT2-BRUNEL_DATADISK
146,2021-09-19,UKI-LT2-IC-HEP_SL7_UCORE,862.0,,6.0,952.0,,185.0,,,0.0,UKI-LT2-IC-HEP_SL7,UK,3,UKI-LT2-QMUL_DATADISK
147,2021-09-19,UKI-NORTHGRID-LIV-HEP,935.0,,4.0,202.0,1.0,669.0,,,0.0,UKI-NORTHGRID-LIV-HEP_SL7,UK,2,UKI-NORTHGRID-LIV-HEP_DATADISK
148,2021-09-19,UKI-NORTHGRID-SHEF-HEP,1.0,,76.0,70.0,1.0,10.0,,,0.0,UKI-NORTHGRID-SHEF-HEP_SL7,UK,2,RAL-LCG2-ECHO_DATADISK
149,2021-09-19,UKI-SCOTGRID-DURHAM_SL7_UCORE,770.0,,2.0,2064.0,,428.0,,,0.0,UKI-SCOTGRID-DURHAM_SL7,UK,3,UKI-SCOTGRID-DURHAM_DATADISK
150,2021-09-19,UKI-SCOTGRID-ECDF_CLOUD,47.0,,,161.0,2.0,71.0,,,0.0,UKI-SCOTGRID-ECDF_SL7,UK,2,UKI-SCOTGRID-ECDF_DATADISK
151,2021-09-19,UKI-SOUTHGRID-BHAM-HEP_MCOREVAC,54.0,,402.0,472.0,,37.0,,,0.0,UKI-SOUTHGRID-BHAM-HEP,UK,2,UKI-NORTHGRID-MAN-HEP_DATADISK
152,2021-09-19,UKI-SOUTHGRID-OX-HEP,15.0,,152.0,481.0,,508.0,,,0.0,UKI-SOUTHGRID-OX-HEP_SL7,UK,2,RAL-LCG2-ECHO_DATADISK
153,2021-09-19,UKI-SOUTHGRID-RALPP,1879.0,,131.0,518.0,192.0,356.0,,296.0,0.0,UKI-SOUTHGRID-RALPP_SL7,UK,2,UKI-SOUTHGRID-RALPP_DATADISK
154,2021-09-19,UKI-SOUTHGRID-SUSX_UCORE,461.0,,5.0,357.0,,13.0,,,0.0,UKI-SOUTHGRID-SUSX,UK,3,UKI-LT2-QMUL_DATADISK
155,2021-09-19,UNI-FREIBURG_MCORE,10.0,,,41.0,,13.0,,,0.0,UNI-FREIBURG,DE,2,UNI-FREIBURG_DATADISK
156,2021-09-19,UNIBE-LHEP-UBELIX_MCORE_LOPRI,28.0,,,1.0,,,,,0.0,UNIBE-LHEP-UBELIX,ND,2,UNIBE-LHEP_DATADISK
157,2021-09-19,UNIGE-BAOBAB,1.0,,,,2.0,2.0,1.0,,0.0,UNIGE-BAOBAB,ND,2,UNIBE-LHEP_DATADISK
158,2021-09-19,UTA_SWT2_UCORE,419.0,,125.0,1074.0,,220.0,,,0.0,UTArlington,US,2,UTA_SWT2_DATADISK
159,2021-09-19,UTA_SWT2_UCORE_RET,1255.0,,,207.0,,318.0,,,0.0,UTArlington,US,2,SWT2_CPB_DATADISK
160,2021-09-19,Vega,8340.0,,118.0,233.0,4000.0,7790.0,,,0.0,Vega,ND,2,NDGF-T1_DATADISK
161,2021-09-19,Vega_MCORE,3090.0,,,,2330.0,4661.0,14.0,,0.0,Vega,ND,2,NDGF-T1_DATADISK
162,2021-09-19,Vega_largemem,30.0,1.0,7.0,,144.0,57.0,,,0.0,Vega,ND,2,NDGF-T1_DATADISK
163,2021-09-19,WEIZMANN,1051.0,,575.0,1923.0,1.0,761.0,,,0.0,WEIZMANN-LCG2,NL,2,TECHNION-HEP_DATADISK
164,2021-09-19,ZA-WITS-CORE,120.0,,,53.0,,117.0,,,0.0,ZA-WITS-CORE,NL,3,ZA-WITS-CORE_DATADISK
165,2021-09-19,pic,1390.0,,287.0,1284.0,1.0,204.0,1.0,,0.0,pic,ES,1,PIC_DATADISK
166,2021-09-19,pic_MareNostrum4,48.0,,96.0,,187.0,581.0,,,0.0,pic,ES,1,PIC_DATADISK
167,2021-09-19,praguelcg2,483.0,31.0,,460.0,1.0,177.0,,139.0,0.0,praguelcg2,DE,2,PRAGUELCG2_DATADISK
168,2021-09-19,praguelcg2_Barbora_MCORE,3.0,,,41.0,,,,,0.0,praguelcg2_IT4I,DE,2,PRAGUELCG2_DATADISK
169,2021-09-19,praguelcg2_Karolina_MCORE,459.0,,,411.0,12.0,2594.0,1.0,,0.0,praguelcg2_IT4I,DE,2,PRAGUELCG2_DATADISK
170,2021-09-19,praguelcg2_Salomon_MCORE,172.0,,,146.0,200.0,6.0,,,0.0,praguelcg2_IT4I,DE,2,PRAGUELCG2_DATADISK
171,2021-09-19,wuppertal,4766.0,,477.0,3498.0,512.0,2741.0,,134.0,0.0,wuppertalprod,DE,2,WUPPERTALPROD_DATADISK
