"RSE","ACTIVITY","N_REQUESTS","GB","SITE","CLOUD"
TAIWAN-LCG2_DATADISK,Data rebalancing,44598,79197.66,Taiwan-LCG2,TW
RAL-LCG2-ECHO_DATADISK,Data Consolidation,2251,3786.75,RAL-LCG2,UK
BNL-OSG2_DATADISK,Production Input,1729,889.78,BNL-ATLAS,US
WUPPERTALPROD_DATADISK,Production Output,23,3.83,wuppertalprod,DE
MPPMU_DATADISK,Production Output,159,100.25,MPPMU,DE
FMPHI-UNIBA_DATADISK,User Subscriptions,3,0,FMPhI-UNIBA,DE
WUPPERTALPROD_DATADISK,Data rebalancing,4,15.77,wuppertalprod,DE
INFN-ROMA1_DATADISK,Data Consolidation,5,0.22,INFN-ROMA1,IT
BNL-OSG2_DATADISK,User Subscriptions,236,316.71,BNL-ATLAS,US
CYFRONET-LCG2_DATADISK,Production Output,3,1.72,CYFRONET-LCG2,DE
IN2P3-LPC_DATADISK,Functional Test,11,0.01,IN2P3-LPC,FR
PRAGUELCG2_DATADISK,Staging,1,0.34,praguelcg2,DE
SARA-MATRIX_DATADISK,Staging,28,245.37,SARA-MATRIX,NL
PIC_DATADISK,Data rebalancing,3397,3347.6,pic,ES
DESY-ZN_DATADISK,Data Consolidation,7,1.14,DESY-ZN,DE
DESY-ZN_DATADISK,Production Output,8,1.79,DESY-ZN,DE
IFIC-LCG2_DATADISK,User Subscriptions,1,0.02,IFIC-LCG2,ES
OU_OSCER_ATLAS_DATADISK,Functional Test,15,0.01,OU_OSCER_ATLAS,US
IN2P3-LAPP_DATADISK,Production Output,38,7.93,IN2P3-LAPP,FR
UAM-LCG2_DATADISK,Functional Test,5,0,UAM-LCG2,ES
UTA_SWT2_DATADISK,Functional Test,11,0.01,UTA_SWT2,US
DESY-ZN_DATADISK,Staging,74,104.72,DESY-ZN,DE
NCG-INGRID-PT_DATADISK,Functional Test,17,0.02,NCG-INGRID-PT,ES
HK-LCG2_DATADISK,Data rebalancing,1082,1186.46,HK-LCG2,FR
IFIC-LCG2_DATADISK,Functional Test,5,0,IFIC-LCG2,ES
GRIF-IRFU_DATADISK,Analysis Input,936,223.76,GRIF-IRFU,FR
PIC_DATADISK,Staging,1,0.38,pic,ES
CERN-PROD_DATADISK,Production Input,2,8.07,CERN-PROD,CERN
UKI-SCOTGRID-GLASGOW-CEPH_DATADISK,Production Output,2,0,UKI-SCOTGRID-GLASGOW,UK
GRIF-IRFU_DATADISK,Staging,5,1.81,GRIF-IRFU,FR
CYFRONET-LCG2_DATADISK,User Subscriptions,1,0,CYFRONET-LCG2,DE
HK-LCG2_DATADISK,Functional Test,10,0.01,HK-LCG2,FR
UKI-LT2-RHUL_DATADISK,User Subscriptions,1,0,UKI-LT2-RHUL,UK
DESY-HH_DATADISK,Functional Test,6,0.01,DESY-HH,DE
INFN-ROMA1_DATADISK,Production Output,5,1.78,INFN-ROMA1,IT
UKI-SOUTHGRID-OX-HEP_DATADISK,Recovery,31,0.18,UKI-SOUTHGRID-OX-HEP,UK
INFN-MILANO-ATLASC_DATADISK,Production Output,2,1.72,INFN-MILANO-ATLASC,IT
NESE_DATADISK,Production Output,2,0,BU_NESE,US
SARA-MATRIX_DATADISK,Data rebalancing,3788,4013.54,SARA-MATRIX,NL
UKI-NORTHGRID-LIV-HEP_DATADISK,Analysis Input,1,0,UKI-NORTHGRID-LIV-HEP,UK
LRZ-LMU_DATADISK,Production Input,1,0.33,LRZ-LMU,DE
IN2P3-CC_DATALAKE_DATADISK,Functional Test,16,0.02,IN2P3-CC_DATALAKE,FR
FZK-LCG2_DATADISK,Functional Test,17,0.02,FZK-LCG2,DE
UKI-SOUTHGRID-RALPP_DATADISK,User Subscriptions,1,0,UKI-SOUTHGRID-RALPP,UK
IN2P3-CPPM_DATADISK,User Subscriptions,1,1.03,IN2P3-CPPM,FR
NET2_DATADISK,Analysis Input,57,19.64,BU_ATLAS_Tier2,US
CYFRONET-LCG2_DATADISK,Data rebalancing,1371,2832.95,CYFRONET-LCG2,DE
UKI-NORTHGRID-MAN-HEP_DATADISK,Data rebalancing,110,136.46,UKI-NORTHGRID-MAN-HEP,UK
INFN-FRASCATI_DATADISK,Analysis Input,1,9.99,INFN-FRASCATI,IT
CSCS-LCG2_DATADISK,Production Output,49,17.64,CSCS-LCG2,DE
IN2P3-CC_DATADISK,Analysis Input,1175,1172.11,IN2P3-CC,FR
NDGF-T1_DATADISK,Data rebalancing,34135,35285.12,NDGF-T1,ND
RAL-LCG2-ECHO_DATADISK,Data rebalancing,27000,27954.73,RAL-LCG2,UK
UKI-SCOTGRID-GLASGOW-CEPH_DATADISK,Data rebalancing,531,813.55,UKI-SCOTGRID-GLASGOW,UK
MPPMU_DATADISK,Data Consolidation,41,2.84,MPPMU,DE
RU-PROTVINO-IHEP_DATADISK,Analysis Input,271,391.63,RU-Protvino-IHEP,RU
TRIUMF-LCG2_DATADISK,Production Input,210,195.43,TRIUMF-LCG2,CA
CERN-PROD_DATADISK,Analysis Input,1521,4293.35,CERN-PROD,CERN
LRZ-LMU_DATADISK,Production Output,10,1.95,LRZ-LMU,DE
UKI-LT2-QMUL_DATADISK,Data Consolidation,14,5.01,UKI-LT2-QMUL,UK
CA-SFU-T2_DATADISK,Analysis Input,48,98.85,CA-SFU-T2,CA
SARA-MATRIX_DATADISK,Production Output,59,2.52,SARA-MATRIX,NL
EELA-UTFSM_DATADISK,Functional Test,8,0.01,EELA-UTFSM,ES
CA-VICTORIA-WESTGRID-T2_DATADISK,Analysis Input,63,202.17,CA-VICTORIA-WESTGRID-T2,CA
AUSTRALIA-ATLAS_DATADISK,Functional Test,4,0,Australia-ATLAS,CA
INFN-T1_DATADISK,Production Input,44,25.06,INFN-T1,IT
INFN-NAPOLI-ATLAS_DATADISK,Production Output,25,7.54,INFN-NAPOLI-ATLAS,IT
NIKHEF_DATADISK,Functional Test WebDAV,12,0.12,NIKHEF,NL
TOKYO-LCG2_DATADISK,Production Output,13,15.04,TOKYO-LCG2,FR
MWT2_DATADISK,Data Consolidation,7,3.49,MWT2,US
CA-WATERLOO-T2_DATADISK,Data rebalancing,577,1421.02,CA-WATERLOO-T2,CA
INFN-NAPOLI-ATLAS_DATADISK,Analysis Input,16,5.57,INFN-NAPOLI-ATLAS,IT
CERN-PROD_DATADISK,Staging,320,465.41,CERN-PROD,CERN
IN2P3-CC_DATADISK,Functional Test,21,0.02,IN2P3-CC,FR
MWT2_DATADISK,Functional Test,13,0.01,MWT2,US
IN2P3-CPPM_DATADISK,Analysis Input,16,13.14,IN2P3-CPPM,FR
CA-SFU-T2_DATADISK,Functional Test,6,0.01,CA-SFU-T2,CA
SWT2_CPB_DATADISK,Functional Test,10,0.01,SWT2_CPB,US
TR-10-ULAKBIM_DATADISK,Data rebalancing,185,202.2,TR-10-ULAKBIM,NL
PRAGUELCG2_DATADISK,Functional Test,6,0.01,praguelcg2,DE
IN2P3-LPSC_DATADISK,Analysis Input,50,152.03,IN2P3-LPSC,FR
NESE_DATADISK,Functional Test,8,0.01,BU_NESE,US
CSCS-LCG2_DATADISK,Data Consolidation,48,9.41,CSCS-LCG2,DE
IN2P3-LPSC_DATADISK,Data Consolidation,2,4.46,IN2P3-LPSC,FR
BNL-OSG2_DATADISK,Data Consolidation,2,0.13,BNL-ATLAS,US
PRAGUELCG2_DATADISK,Production Output,9,10.98,praguelcg2,DE
AUSTRALIA-ATLAS_DATADISK,Analysis Input,48,95.65,Australia-ATLAS,CA
WUPPERTALPROD_DATADISK,Staging,1,0.34,wuppertalprod,DE
NET2_DATADISK,Production Input,2,1.29,BU_ATLAS_Tier2,US
UNIBE-LHEP_DATADISK,Production Output,2,0,UNIBE-LHEP,ND
NET2_DATADISK,Data rebalancing,41,64.68,BU_ATLAS_Tier2,US
TECHNION-HEP_DATADISK,Data Consolidation,7,46.67,TECHNION-HEP,NL
NET2_DATADISK,Production Output,3,0.36,BU_ATLAS_Tier2,US
TAIWAN-LCG2_DATADISK,Functional Test,24,0.02,Taiwan-LCG2,TW
CA-SFU-T2_DATADISK,Production Output,3,0.07,CA-SFU-T2,CA
IEPSAS-KOSICE_DATADISK,Data rebalancing,42,65.11,IEPSAS-Kosice,DE
INFN-MILANO-ATLASC_DATADISK,Analysis Input,12,13.34,INFN-MILANO-ATLASC,IT
AUSTRALIA-ATLAS_DATADISK,Data rebalancing,1,1.04,Australia-ATLAS,CA
PIC_DATADISK,T0 Export,2228,13807.48,pic,ES
MPPMU_DATADISK,Production Input,316,2910.36,MPPMU,DE
TOKYO-LCG2_DATADISK,Analysis Input,106,185.05,TOKYO-LCG2,FR
RU-PROTVINO-IHEP_DATADISK,Data Consolidation,1777,10320.7,RU-Protvino-IHEP,RU
UKI-NORTHGRID-MAN-HEP_DATADISK,Analysis Input,661,173.96,UKI-NORTHGRID-MAN-HEP,UK
FZK-LCG2_DATADISK,Data rebalancing,20283,21126.55,FZK-LCG2,DE
IEPSAS-KOSICE_DATADISK,Analysis Input,173,53.57,IEPSAS-Kosice,DE
JINR-LCG2_DATADISK,User Subscriptions,2,0,JINR-LCG2,RU
SARA-MATRIX_DATADISK,Production Input,1,0.57,SARA-MATRIX,NL
UNI-FREIBURG_DATADISK,Staging,954,1099.1,UNI-FREIBURG,DE
AGLT2_DATADISK,Data Consolidation,77,12.86,AGLT2,US
TECHNION-HEP_DATADISK,Analysis Input,32,10.82,TECHNION-HEP,NL
GRIF-LPNHE_DATADISK,Data Consolidation,1,4.36,GRIF-LPNHE,FR
NIKHEF_DATADISK,Production Output,19,20.52,NIKHEF,NL
SARA-MATRIX_DATADISK,User Subscriptions,1,0,SARA-MATRIX,NL
UKI-LT2-QMUL_DATADISK,Production Input,48,27.37,UKI-LT2-QMUL,UK
INFN-NAPOLI-ATLAS_DATADISK,Functional Test,10,0.01,INFN-NAPOLI-ATLAS,IT
IFIC-LCG2_DATADISK,Analysis Input,979,294.63,IFIC-LCG2,ES
MWT2_DATADISK,Analysis Input,14,57.4,MWT2,US
FMPHI-UNIBA_DATADISK,Functional Test,5,0,FMPhI-UNIBA,DE
PIC_DATADISK,Production Output,35,16.79,pic,ES
NDGF-T1_DATADISK,Production Output,28,49.62,NDGF-T1,ND
UKI-NORTHGRID-MAN-HEP_DATADISK,Functional Test,8,0.01,UKI-NORTHGRID-MAN-HEP,UK
INFN-NAPOLI-ATLAS_DATADISK,Recovery,11,5.42,INFN-NAPOLI-ATLAS,IT
PRAGUELCG2_DATADISK,Data Consolidation,3,0.45,praguelcg2,DE
MWT2_DATADISK,User Subscriptions,1,0,MWT2,US
PIC_DATADISK,Data Consolidation,51,2.18,pic,ES
UKI-NORTHGRID-LIV-HEP_DATADISK,Production Input,1,8.68,UKI-NORTHGRID-LIV-HEP,UK
UKI-NORTHGRID-LANCS-HEP_DATADISK,Functional Test,10,0.01,UKI-NORTHGRID-LANCS-HEP,UK
RO-07-NIPNE_DATADISK,Data Consolidation,52,273.9,RO-07-NIPNE,FR
UKI-LT2-QMUL_DATADISK,Staging,326,710.96,UKI-LT2-QMUL,UK
JINR-LCG2_DATADISK,Functional Test,5,0,JINR-LCG2,RU
NESE_DATADISK,Data Consolidation,13,8.08,BU_NESE,US
IN2P3-CPPM_DATADISK,Functional Test,11,0.01,IN2P3-CPPM,FR
BNL-OSG2_DATADISK,Functional Test,25,0.02,BNL-ATLAS,US
BEIJING-LCG2_DATADISK,Functional Test,7,0.01,BEIJING-LCG2,FR
NDGF-T1_DATADISK,Functional Test,23,0.02,NDGF-T1,ND
NIKHEF_DATADISK,User Subscriptions,184,244.78,NIKHEF,NL
SLACXRD_DATADISK,Analysis Input,69,66.33,WT2,US
CSCS-LCG2_DATADISK,Data rebalancing,37,44.04,CSCS-LCG2,DE
PIC_DATADISK,Functional Test,48,0.05,pic,ES
CSCS-LCG2_DATADISK,Functional Test,4,0,CSCS-LCG2,DE
GRIF-LPNHE_DATADISK,Functional Test,8,0.01,GRIF-LPNHE,FR
RRC-KI-T1_DATADISK,Data Consolidation,8,1.36,RRC-KI-T1,RU
MPPMU_DATADISK,Functional Test,6,0.01,MPPMU,DE
IFAE_DATADISK,User Subscriptions,1,0,ifae,ES
RO-07-NIPNE_DATADISK,Production Input,1,6.32,RO-07-NIPNE,FR
FZK-LCG2_DATADISK,Production Output,18,12.1,FZK-LCG2,DE
INFN-ROMA1_DATADISK,Production Input,10,14.76,INFN-ROMA1,IT
JINR-LCG2_DATADISK,Production Output,3,1.72,JINR-LCG2,RU
UKI-SCOTGRID-DURHAM_DATADISK,Production Input,6,6.57,UKI-SCOTGRID-DURHAM,UK
IN2P3-LAPP_DATADISK,Analysis Input,98,23.52,IN2P3-LAPP,FR
UKI-SOUTHGRID-RALPP_DATADISK,Functional Test,4,0,UKI-SOUTHGRID-RALPP,UK
HK-LCG2_DATADISK,Data Consolidation,16,135.37,HK-LCG2,FR
AGLT2_DATADISK,Production Output,1,0.02,AGLT2,US
CA-VICTORIA-WESTGRID-T2_DATADISK,User Subscriptions,3,2.44,CA-VICTORIA-WESTGRID-T2,CA
CA-VICTORIA-WESTGRID-T2_DATADISK,Data rebalancing,397,555.37,CA-VICTORIA-WESTGRID-T2,CA
GOEGRID_DATADISK,Production Input,2,1.08,GoeGrid,DE
CA-VICTORIA-WESTGRID-T2_DATADISK,Production Input,2,1.1,CA-VICTORIA-WESTGRID-T2,CA
FMPHI-UNIBA_DATADISK,Production Output,2,1.72,FMPhI-UNIBA,DE
SAMPA_DATADISK,Production Output,1,0,SAMPA,ES
UKI-NORTHGRID-LIV-HEP_DATADISK,Production Output,2,0,UKI-NORTHGRID-LIV-HEP,UK
NESE_DATADISK,User Subscriptions,1,0,BU_NESE,US
UKI-NORTHGRID-MAN-HEP_DATADISK,Data Consolidation,1,0.22,UKI-NORTHGRID-MAN-HEP,UK
FMPHI-UNIBA_DATADISK,Production Input,1,5.43,FMPhI-UNIBA,DE
UKI-SOUTHGRID-RALPP_DATADISK,Analysis Input,478,107.62,UKI-SOUTHGRID-RALPP,UK
WUPPERTALPROD_DATADISK,User Subscriptions,1,0,wuppertalprod,DE
INFN-FRASCATI_DATADISK,Production Output,1,0.04,INFN-FRASCATI,IT
OU_OSCER_ATLAS_DATADISK,Data rebalancing,196,474.26,OU_OSCER_ATLAS,US
CA-SFU-T2_DATADISK,Data rebalancing,177,233.98,CA-SFU-T2,CA
RO-07-NIPNE_DATADISK,Data rebalancing,869,1492.33,RO-07-NIPNE,FR
TRIUMF-LCG2_DATADISK,Functional Test,2339,2.28,TRIUMF-LCG2,CA
TOKYO-LCG2_DATADISK,Staging,8971,5479.51,TOKYO-LCG2,FR
IN2P3-CC_DATADISK,Data rebalancing,25925,26942.3,IN2P3-CC,FR
MWT2_DATADISK,Staging,1952,1853.07,MWT2,US
IN2P3-CC_DATADISK,Production Output,30,8.31,IN2P3-CC,FR
FZK-LCG2_DATADISK,Data Consolidation,55,345.81,FZK-LCG2,DE
NDGF-T1_DATADISK,Production Input,29,23.31,NDGF-T1,ND
RRC-KI-T1_DATADISK,Production Output,24,5.14,RRC-KI-T1,RU
UKI-SOUTHGRID-RALPP_DATADISK,Data rebalancing,76,180.56,UKI-SOUTHGRID-RALPP,UK
IFAE_DATADISK,Production Input,3,1.71,ifae,ES
IN2P3-LPSC_DATADISK,Functional Test,8,0.01,IN2P3-LPSC,FR
CA-WATERLOO-T2_DATADISK,Analysis Input,17,153.7,CA-WATERLOO-T2,CA
TAIWAN-LCG2_DATADISK,Data Consolidation,37,191.17,Taiwan-LCG2,TW
WUPPERTALPROD_DATADISK,Functional Test,12,0.01,wuppertalprod,DE
INFN-NAPOLI-ATLAS_DATADISK,Production Input,17,3.39,INFN-NAPOLI-ATLAS,IT
UKI-NORTHGRID-MAN-HEP_DATADISK,Production Input,26,134.13,UKI-NORTHGRID-MAN-HEP,UK
GOEGRID_DATADISK,Functional Test,11,0.01,GoeGrid,DE
GRIF-LPNHE_DATADISK,Data rebalancing,540,561.75,GRIF-LPNHE,FR
UKI-LT2-RHUL_DATADISK,Analysis Input,37,28.12,UKI-LT2-RHUL,UK
SARA-MATRIX_DATADISK,Data Consolidation,10,2.04,SARA-MATRIX,NL
NIKHEF_DATADISK,Staging,402,1490.45,NIKHEF,NL
PIC_DATADISK,User Subscriptions,1,0,pic,ES
INFN-T1_DATADISK,Functional Test,22,0.02,INFN-T1,IT
IEPSAS-KOSICE_DATADISK,Functional Test,13,0.01,IEPSAS-Kosice,DE
DESY-HH_DATADISK,Express,9,21.33,DESY-HH,DE
UNIBE-LHEP_DATADISK,Functional Test,5,0,UNIBE-LHEP,ND
INFN-FRASCATI_DATADISK,User Subscriptions,4,0,INFN-FRASCATI,IT
RAL-LCG2-ECHO_DATADISK,User Subscriptions,1,0,RAL-LCG2,UK
CA-SFU-T2_DATADISK,User Subscriptions,1,0,CA-SFU-T2,CA
AGLT2_DATADISK,Data rebalancing,1641,2937.82,AGLT2,US
UNI-FREIBURG_DATADISK,Production Output,2,4.34,UNI-FREIBURG,DE
IN2P3-LPC_DATADISK,Data Consolidation,4,21.01,IN2P3-LPC,FR
GRIF-IRFU_DATADISK,Production Output,10,2.68,GRIF-IRFU,FR
UKI-SCOTGRID-ECDF_DATADISK,Production Output,1,0.02,UKI-SCOTGRID-ECDF,UK
INFN-T1_DATADISK,Production Output,3,1.73,INFN-T1,IT
TOKYO-LCG2_DATADISK,Production Input,4,18.87,TOKYO-LCG2,FR
IFIC-LCG2_DATADISK,Staging,2,12.4,IFIC-LCG2,ES
UKI-NORTHGRID-LIV-HEP_DATADISK,User Subscriptions,2,0,UKI-NORTHGRID-LIV-HEP,UK
RO-07-NIPNE_DATADISK,User Subscriptions,1,0,RO-07-NIPNE,FR
TECHNION-HEP_DATADISK,Production Output,4,0.88,TECHNION-HEP,NL
CSCS-LCG2_DATADISK,Staging,18,65.82,CSCS-LCG2,DE
NESE_DATADISK,Staging,23,8.51,BU_NESE,US
SWT2_CPB_DATADISK,Data Consolidation,2,0.33,SWT2_CPB,US
INFN-MILANO-ATLASC_DATADISK,User Subscriptions,2,1.21,INFN-MILANO-ATLASC,IT
SWT2_CPB_DATADISK,User Subscriptions,1,0,SWT2_CPB,US
LRZ-LMU_DATADISK,User Subscriptions,1,0.01,LRZ-LMU,DE
GRIF-LAL_DATADISK,Data Consolidation,1,4.38,GRIF-LAL,FR
GRIF-IRFU_DATADISK,Data rebalancing,77,81.94,GRIF-IRFU,FR
IFAE_DATADISK,Data rebalancing,56,94.84,ifae,ES
UKI-LT2-RHUL_DATADISK,Data rebalancing,14,41.5,UKI-LT2-RHUL,UK
TRIUMF-LCG2_DATADISK,Analysis Input,1332,2703.3,TRIUMF-LCG2,CA
TRIUMF-LCG2_DATADISK,Data rebalancing,20084,20489.06,TRIUMF-LCG2,CA
BNL-OSG2_DATADISK,Data rebalancing,3879,21493.26,BNL-ATLAS,US
CA-WATERLOO-T2_DATADISK,Data Consolidation,19,30.74,CA-WATERLOO-T2,CA
RAL-LCG2-ECHO_DATADISK,Analysis Input,3198,12648.73,RAL-LCG2,UK
TAIWAN-LCG2_DATADISK,Production Input,19,33.27,Taiwan-LCG2,TW
IFIC-LCG2_DATADISK,Production Output,166,16.18,IFIC-LCG2,ES
GRIF-LAL_DATADISK,Production Output,4,0.02,GRIF-LAL,FR
UKI-SCOTGRID-ECDF_DATADISK,Data rebalancing,187,211.47,UKI-SCOTGRID-ECDF,UK
UKI-LT2-RHUL_DATADISK,Functional Test,10,0.01,UKI-LT2-RHUL,UK
BNL-OSG2_DATADISK,Production Output,246,1441.79,BNL-ATLAS,US
UKI-NORTHGRID-LIV-HEP_DATADISK,Functional Test,9,0.01,UKI-NORTHGRID-LIV-HEP,UK
IFAE_DATADISK,Functional Test,6,0.01,ifae,ES
RO-07-NIPNE_DATADISK,Analysis Input,64,25.88,RO-07-NIPNE,FR
SARA-MATRIX_DATADISK,Analysis Input,18,70.9,SARA-MATRIX,NL
IEPSAS-KOSICE_DATADISK,User Subscriptions,2,0.01,IEPSAS-Kosice,DE
TECHNION-HEP_DATADISK,Functional Test,7,0.01,TECHNION-HEP,NL
INFN-MILANO-ATLASC_DATADISK,Functional Test,12,0.01,INFN-MILANO-ATLASC,IT
RU-PROTVINO-IHEP_DATADISK,Production Input,34,204.18,RU-Protvino-IHEP,RU
CERN-PROD_DATADISK,T0 Export,1,0.75,CERN-PROD,CERN
CYFRONET-LCG2_DATADISK,Analysis Input,543,152.39,CYFRONET-LCG2,DE
NIKHEF_DATADISK,Functional Test,30,0.03,NIKHEF,NL
INFN-T1_DATADISK,User Subscriptions,1,0,INFN-T1,IT
IN2P3-CC_DATADISK,Data Consolidation,4,6.96,IN2P3-CC,FR
UKI-LT2-RHUL_DATADISK,Production Output,1,0.01,UKI-LT2-RHUL,UK
TR-10-ULAKBIM_DATADISK,Functional Test,13,0.01,TR-10-ULAKBIM,NL
JINR-LCG2_DATADISK,Analysis Input,35,12,JINR-LCG2,RU
DESY-ZN_DATADISK,Functional Test,8,0.01,DESY-ZN,DE
RO-07-NIPNE_DATADISK,Production Output,1,1.71,RO-07-NIPNE,FR
UKI-NORTHGRID-MAN-HEP_DATADISK,Production Output,6,5.25,UKI-NORTHGRID-MAN-HEP,UK
CERN-PROD_DATADISK,Data Consolidation,17,17.41,CERN-PROD,CERN
TECHNION-HEP_DATADISK,Production Input,7,15.93,TECHNION-HEP,NL
IN2P3-LPC_DATADISK,Analysis Input,61,24.26,IN2P3-LPC,FR
UKI-SCOTGRID-ECDF_DATADISK,Production Input,3,12.3,UKI-SCOTGRID-ECDF,UK
UNIBE-LHEP_DATADISK,Analysis Input,17,13.41,UNIBE-LHEP,ND
CSCS-LCG2_DATADISK,User Subscriptions,2,1.03,CSCS-LCG2,DE
CA-WATERLOO-T2_DATADISK,Production Output,1,0,CA-WATERLOO-T2,CA
IFIC-LCG2_DATADISK,Data Consolidation,1,0.02,IFIC-LCG2,ES
UKI-SCOTGRID-GLASGOW-CEPH_DATADISK,Production Input,3,0.02,UKI-SCOTGRID-GLASGOW,UK
PRAGUELCG2_DATADISK,Express,1,0.07,praguelcg2,DE
TOKYO-LCG2_DATADISK,Data rebalancing,58,165.99,TOKYO-LCG2,FR
UKI-NORTHGRID-LANCS-HEP_DATADISK,Data rebalancing,8,17.9,UKI-NORTHGRID-LANCS-HEP,UK
DESY-HH_DATADISK,Data rebalancing,72,200.88,DESY-HH,DE
RAL-LCG2-ECHO_DATADISK,Staging,24628,22711.06,RAL-LCG2,UK
INFN-T1_DATADISK,Data rebalancing,4715,4882.1,INFN-T1,IT
AGLT2_DATADISK,Analysis Input,1879,6258.94,AGLT2,US
TOKYO-LCG2_DATADISK,Functional Test,10,0.01,TOKYO-LCG2,FR
IFIC-LCG2_DATADISK,Production Input,74,47.79,IFIC-LCG2,ES
UKI-NORTHGRID-MAN-HEP_DATADISK,User Subscriptions,1,0.01,UKI-NORTHGRID-MAN-HEP,UK
CERN-PROD_DATADISK,Express,34,46.5,CERN-PROD,CERN
SAMPA_DATADISK,Functional Test,9,0.01,SAMPA,ES
UKI-SCOTGRID-ECDF_DATADISK,Functional Test,6,0.01,UKI-SCOTGRID-ECDF,UK
CA-VICTORIA-WESTGRID-T2_DATADISK,Functional Test,10,0.01,CA-VICTORIA-WESTGRID-T2,CA
GRIF-IRFU_DATADISK,Production Input,66,158.37,GRIF-IRFU,FR
RO-07-NIPNE_DATADISK,Functional Test,14,0.01,RO-07-NIPNE,FR
CA-VICTORIA-WESTGRID-T2_DATADISK,Production Output,4,2.58,CA-VICTORIA-WESTGRID-T2,CA
NIKHEF_DATADISK,Express,2,3.03,NIKHEF,NL
DESY-HH_DATADISK,Analysis Input,19,6.59,DESY-HH,DE
INFN-T1_DATADISK,Staging,35,8.39,INFN-T1,IT
IN2P3-LAPP_DATADISK,Data Consolidation,19,135.99,IN2P3-LAPP,FR
GRIF-IRFU_DATADISK,Functional Test,10,0.01,GRIF-IRFU,FR
CERN-PROD_DATADISK,Data rebalancing,16,81.93,CERN-PROD,CERN
CA-WATERLOO-T2_DATADISK,Production Input,3,2.33,CA-WATERLOO-T2,CA
RU-PROTVINO-IHEP_DATADISK,Production Output,6,0.02,RU-Protvino-IHEP,RU
UNI-FREIBURG_DATADISK,Analysis Input,37,20.47,UNI-FREIBURG,DE
UKI-SOUTHGRID-RALPP_DATADISK,Production Output,2,0.86,UKI-SOUTHGRID-RALPP,UK
UKI-NORTHGRID-LANCS-HEP_DATADISK,User Subscriptions,1,0,UKI-NORTHGRID-LANCS-HEP,UK
MWT2_DATADISK,Production Output,4,1.85,MWT2,US
SARA-MATRIX_DATADISK,T0 Export,3,23.27,SARA-MATRIX,NL
UKI-NORTHGRID-LANCS-HEP_DATADISK,Analysis Input,11,30.4,UKI-NORTHGRID-LANCS-HEP,UK
INFN-FRASCATI_DATADISK,Functional Test,7,0.01,INFN-FRASCATI,IT
IN2P3-CC_DATADISK,Production Input,9,6.34,IN2P3-CC,FR
CSCS-LCG2_DATADISK,Analysis Input,21,7.18,CSCS-LCG2,DE
NET2_DATADISK,Staging,1,0.33,BU_ATLAS_Tier2,US
IEPSAS-KOSICE_DATADISK,Production Output,5,3.43,IEPSAS-Kosice,DE
SWT2_CPB_DATADISK,Production Input,7,8.99,SWT2_CPB,US
SARA-MATRIX_DATADISK,Functional Test,24,0.02,SARA-MATRIX,NL
GRIF-LPNHE_DATADISK,Analysis Input,98,140.09,GRIF-LPNHE,FR
MWT2_DATADISK,Production Input,1,1.89,MWT2,US
NIKHEF_DATADISK,Data Consolidation,3,0.5,NIKHEF,NL
UKI-NORTHGRID-LANCS-HEP_DATADISK,Production Output,1,0,UKI-NORTHGRID-LANCS-HEP,UK
BEIJING-LCG2_DATADISK,Production Output,1,0,BEIJING-LCG2,FR
UKI-SCOTGRID-GLASGOW-CEPH_DATADISK,User Subscriptions,1,0,UKI-SCOTGRID-GLASGOW,UK
WUPPERTALPROD_DATADISK,Analysis Input,2,6.99,wuppertalprod,DE
UKI-SCOTGRID-ECDF_DATADISK,Analysis Input,10,11.2,UKI-SCOTGRID-ECDF,UK
RU-PROTVINO-IHEP_DATADISK,Data rebalancing,223,369.85,RU-Protvino-IHEP,RU
SWT2_CPB_DATADISK,Data rebalancing,213,558.86,SWT2_CPB,US
IN2P3-LPSC_DATADISK,Data rebalancing,165,278.35,IN2P3-LPSC,FR
BNL-OSG2_DATADISK,Staging,1403,1074.84,BNL-ATLAS,US
RAL-LCG2-ECHO_DATADISK,Production Output,4187,3765.72,RAL-LCG2,UK
NDGF-T1_DATADISK,Staging,7504,26643.24,NDGF-T1,ND
IN2P3-CC_DATADISK,Staging,14538,12845.29,IN2P3-CC,FR
DESY-ZN_DATADISK,Analysis Input,73,63.07,DESY-ZN,DE
IN2P3-CC_DATADISK,User Subscriptions,340,580.28,IN2P3-CC,FR
TRIUMF-LCG2_DATADISK,T0 Export,345,1950.22,TRIUMF-LCG2,CA
TRIUMF-LCG2_DATADISK,Staging,1548,3438.45,TRIUMF-LCG2,CA
RAL-LCG2-ECHO_DATADISK,Functional Test,1154,1.13,RAL-LCG2,UK
RRC-KI-T1_DATADISK,Analysis Input,988,222.92,RRC-KI-T1,RU
TRIUMF-LCG2_DATADISK,Production Output,3002,6139.24,TRIUMF-LCG2,CA
PIC_DATADISK,Production Input,615,3113.73,pic,ES
INFN-T1_DATADISK,Data Consolidation,7,14.74,INFN-T1,IT
CERN-PROD_DATADISK,Production Output,52,22.21,CERN-PROD,CERN
TRIUMF-LCG2_DATADISK,Data Consolidation,1671,2837.19,TRIUMF-LCG2,CA
NDGF-T1_DATADISK,Data Consolidation,88,190.08,NDGF-T1,ND
RRC-KI-T1_DATADISK,Data rebalancing,5709,5967.78,RRC-KI-T1,RU
IN2P3-CPPM_DATADISK,Production Output,10,3.67,IN2P3-CPPM,FR
INFN-ROMA1_DATADISK,Functional Test,9,0.01,INFN-ROMA1,IT
MWT2_DATADISK,Data rebalancing,832,1994.53,MWT2,US
MPPMU_DATADISK,Staging,4327,2547.56,MPPMU,DE
UKI-SCOTGRID-GLASGOW-CEPH_DATADISK,Functional Test,7,0.01,UKI-SCOTGRID-GLASGOW,UK
INFN-ROMA1_DATADISK,Analysis Input,4,21.54,INFN-ROMA1,IT
BNLHPC_DATADISK,Globus Online Test,2,0,BNLHPC,US
CA-UVIC-CLOUD_DATADISK,Production Output,2,1.72,CA-UVic-Cloud,CA
SWT2_CPB_DATADISK,Analysis Input,68,41.27,SWT2_CPB,US
LRZ-LMU_DATADISK,Express,6,14.28,LRZ-LMU,DE
RRC-KI-T1_DATADISK,Staging,264,741.76,RRC-KI-T1,RU
IN2P3-LPSC_DATADISK,User Subscriptions,3,1.11,IN2P3-LPSC,FR
NDGF-T1_DATADISK,Analysis Input,472,333.2,NDGF-T1,ND
NET2_DATADISK,Data Consolidation,4,0.08,BU_ATLAS_Tier2,US
UNI-FREIBURG_DATADISK,Functional Test,11,0.01,UNI-FREIBURG,DE
DESY-HH_DATADISK,Production Output,5,4.97,DESY-HH,DE
NET2_DATADISK,Functional Test,4,0,BU_ATLAS_Tier2,US
IN2P3-LPSC_DATADISK,Production Output,1,0,IN2P3-LPSC,FR
RU-PROTVINO-IHEP_DATADISK,Functional Test,11,0.01,RU-Protvino-IHEP,RU
NESE_DATADISK,Data rebalancing,109,303.98,BU_NESE,US
RRC-KI-T1_DATADISK,Production Input,3,7.37,RRC-KI-T1,RU
UNI-FREIBURG_DATADISK,Data Consolidation,4,0.79,UNI-FREIBURG,DE
TAIWAN-LCG2_DATADISK,Production Output,1,0.86,Taiwan-LCG2,TW
UKI-NORTHGRID-LANCS-HEP_DATADISK,Data Consolidation,1,2.6,UKI-NORTHGRID-LANCS-HEP,UK
PRAGUELCG2_DATADISK,User Subscriptions,1,0,praguelcg2,DE
FZK-LCG2_DATADISK,Production Input,3,9.76,FZK-LCG2,DE
NET2_DATADISK,User Subscriptions,1,0,BU_ATLAS_Tier2,US
GOEGRID_DATADISK,User Subscriptions,1,0,GoeGrid,DE
UKI-NORTHGRID-MAN-HEP_DATADISK,Staging,231,1309.03,UKI-NORTHGRID-MAN-HEP,UK
NCG-INGRID-PT_DATADISK,Analysis Input,10,11.2,NCG-INGRID-PT,ES
IN2P3-LPC_DATADISK,Data rebalancing,557,709.99,IN2P3-LPC,FR
INFN-MILANO-ATLASC_DATADISK,Data rebalancing,204,513.67,INFN-MILANO-ATLASC,IT
BNL-OSG2_DATADISK,Analysis Input,5480,1917.73,BNL-ATLAS,US
FZK-LCG2_DATADISK,Analysis Input,1028,332.6,FZK-LCG2,DE
NIKHEF_DATADISK,Analysis Input,128,313.72,NIKHEF,NL
GRIF-LAL_DATADISK,Functional Test,3,0,GRIF-LAL,FR
RAL-LCG2-ECHO_DATADISK,Production Input,2137,2477.03,RAL-LCG2,UK
GRIF-LAL_DATADISK,Analysis Input,82,35.72,GRIF-LAL,FR
CERN-PROD_DATADISK,User Subscriptions,405,552.76,CERN-PROD,CERN
NIKHEF_DATADISK,Data rebalancing,5445,5626.55,NIKHEF,NL
AGLT2_DATADISK,Functional Test,7,0.01,AGLT2,US
LRZ-LMU_DATADISK,Functional Test,10,0.01,LRZ-LMU,DE
SWT2_CPB_DATADISK,Staging,40,304.69,SWT2_CPB,US
UKI-LT2-QMUL_DATADISK,Analysis Input,1234,339.88,UKI-LT2-QMUL,UK
UKI-LT2-QMUL_DATADISK,Production Output,16,16.27,UKI-LT2-QMUL,UK
CA-SFU-T2_DATADISK,Staging,55,388.93,CA-SFU-T2,CA
SWT2_CPB_DATADISK,Production Output,22,16.62,SWT2_CPB,US
FZK-LCG2_DATADISK,Staging,442,1870.85,FZK-LCG2,DE
INFN-T1_DATADISK,Analysis Input,272,121.28,INFN-T1,IT
EELA-UTFSM_DATADISK,Analysis Input,6,1.94,EELA-UTFSM,ES
LRZ-LMU_DATADISK,Analysis Input,439,98.39,LRZ-LMU,DE
CA-SFU-T2_DATADISK,Data Consolidation,6,1.01,CA-SFU-T2,CA
PRAGUELCG2_DATADISK,Analysis Input,16,63.84,praguelcg2,DE
IN2P3-CPPM_DATADISK,Staging,7,12.46,IN2P3-CPPM,FR
UKI-LT2-RHUL_DATADISK,Production Input,31,90.37,UKI-LT2-RHUL,UK
IFAE_DATADISK,Analysis Input,10,11.2,ifae,ES
EELA-UTFSM_DATADISK,Data rebalancing,241,676.94,EELA-UTFSM,ES
SAMPA_DATADISK,User Subscriptions,1,0,SAMPA,ES
TECHNION-HEP_DATADISK,User Subscriptions,2,0,TECHNION-HEP,NL
IN2P3-LAPP_DATADISK,Functional Test,5,0,IN2P3-LAPP,FR
IFAE_DATADISK,Production Output,2,0,ifae,ES
UKI-LT2-QMUL_DATADISK,Functional Test,8,0.01,UKI-LT2-QMUL,UK
AGLT2_DATADISK,User Subscriptions,2,0,AGLT2,US
CYFRONET-LCG2_DATADISK,Functional Test,7,0.01,CYFRONET-LCG2,DE
DESY-HH_DATADISK,Data Consolidation,2,0.35,DESY-HH,DE
CA-WATERLOO-T2_DATADISK,User Subscriptions,1,0,CA-WATERLOO-T2,CA
RRC-KI-T1_DATADISK,Functional Test,21,0.02,RRC-KI-T1,RU
UKI-SCOTGRID-GLASGOW-CEPH_DATADISK,Analysis Input,4,9.92,UKI-SCOTGRID-GLASGOW,UK
INFN-NAPOLI-ATLAS_DATADISK,Data Consolidation,6,1.33,INFN-NAPOLI-ATLAS,IT
AGLT2_DATADISK,Recovery,1,0,AGLT2,US
UAM-LCG2_DATADISK,Production Output,1,0,UAM-LCG2,ES
NDGF-T1_DATADISK,User Subscriptions,2,1.21,NDGF-T1,ND
IN2P3-LPC_DATADISK,User Subscriptions,1,0,IN2P3-LPC,FR
TRIUMF-LCG2_DATADISK,User Subscriptions,1,0,TRIUMF-LCG2,CA
IN2P3-LAPP_DATADISK,Staging,1,5.42,IN2P3-LAPP,FR
TECHNION-HEP_DATADISK,Data rebalancing,238,523.17,TECHNION-HEP,NL
UKI-LT2-QMUL_DATADISK,Data rebalancing,255,484.61,UKI-LT2-QMUL,UK
UAM-LCG2_DATADISK,Data rebalancing,338,736.7,UAM-LCG2,ES

